{"mse": 0.42984521557091754, "r2": 0.6659114890184853}