{"mse": 0.25549776668540763, "r2": 0.805024407701793}